id;name;date_time;duration;project_id
1;Home Leone;2021-09-25T08:59:23;37877;1
2;Leone;2021-09-25T07:32:51;73948;2
3;Soap database bandwidth;2021-09-25T08:50:33;62323;3
4;auxiliary copying Toys;2021-09-24T19:44:52;61797;4
5;Integration alarm Flat;2021-09-25T15:07:11;35546;5
6;architect;2021-09-25T00:41:43;35659;6
7;Legacy New;2021-09-24T19:23:15;41839;7
8;Qatar neural CFA;2021-09-25T10:29:47;17729;8
9;Producer Senior array;2021-09-25T12:07:18;57035;9
10;Spring Account olive;2021-09-25T00:49:36;98467;10
